{
    "0": {
        "scene": "bg studio1",
        "enemies": [
            {
                "name": "Gloon",
                "image": "entity1",
                "health": 15,
                "actions": [
                    {
                        "say": "{name} deals 3 damage.",
                        "attack": 3
                    },
                    {
                        "say": "{name} deals 2 damage.",
                        "attack": 2
                    },
                    {
                        "say": "{name} deals 1 damage.",
                        "attack": 1
                    }
                ]
            }
        ]
    },

    "1": {
        "scene": "bg studio2",
        "enemies": [
            {
                "name": "Gloon",
                "image": "entity1",
                "health": 15,
                "actions": [
                    {
                        "say": "{name} is thinking..."
                    },
                    {
                        "say": "{name} deals 5 damage.",
                        "attack": 5
                    }
                ]
            },
            {
                "name": "Yog",
                "image": "entity2",
                "health": 9,
                "actions": [
                    {
                        "say": "{name} deals 3 damage.",
                        "attack": 3
                    },
                    {
                        "say": "{name} deals 2 damage.",
                        "attack": 2
                    }
                ]
            }
        ]
    },

    "2": {
        "scene": "bg studio3",
        "enemies": [
            {
                "name": "Yog",
                "image": "entity2",
                "health": 18,
                "actions": [
                    {
                        "say": "{name} deals 5 damage.",
                        "attack": 5
                    },
                    {
                        "say": "{name} is thinking..."
                    },
                    {
                        "say": "{name} heals 3 health.",
                        "heal": 3
                    }
                ]
            },
            {
                "name": "Gloon",
                "image": "entity1",
                "health": 21,
                "actions": [
                    {
                        "say": "{name} is thinking..."
                    },
                    {
                        "say": "{name} deals 5 damage.",
                        "attack": 5
                    },
                    {
                        "say": "{name} heals 3 health.",
                        "heal": 3
                    }
                ]
            }
        ]
    },

    "3": {
        "scene": "bg studio4",
        "enemies": [
            {
                "name": "Hastur",
                "image": "entity3",
                "health": 21,
                "actions": [
                    {
                        "say": "{name} deals 5 damage.",
                        "attack": 5
                    },
                    {
                        "say": "{name} is thinking..."
                    },
                    {
                        "say": "{name} heals 3 health.",
                        "heal": 3
                    }
                ]
            },
            {
                "name": "Gloon",
                "image": "entity1",
                "health": 24,
                "actions": [
                    {
                        "say": "{name} is thinking..."
                    },
                    {
                        "say": "{name} deals 5 damage.",
                        "attack": 5
                    },
                    {
                        "say": "{name} deals 3 damage.",
                        "attack": 3
                    },
                    {
                        "say": "{name} heals 3 health.",
                        "heal": 3
                    }
                ]
            },
            {
                "name": "Yog",
                "image": "entity2",
                "health": 18,
                "actions": [
                    {
                        "say": "{name} is thinking..."
                    },
                    {
                        "say": "{name} deals 5 damage.",
                        "attack": 5
                    },
                    {
                        "say": "{name} heals 3 health.",
                        "heal": 3
                    }
                ]
            }
        ]
    },

    "4": {
        "scene": "bg studio4",
        "enemies": [
            {
                "name": "Hastur",
                "image": "entity3",
                "health": 18,
                "actions": [
                    {
                        "say": "{name} deals 3 damage.",
                        "attack": 3
                    },
                    {
                        "say": "{name} is thinking..."
                    },
                    {
                        "say": "{name} heals 3 health.",
                        "heal": 3
                    },
                    {
                        "say": "{name} is thinking..."
                    }
                ]
            },
            {
                "name": "Daoloth",
                "image": "entity4",
                "health": 33,
                "actions": [
                    {
                        "say": "{name} is thinking..."
                    },
                    {
                        "say": "{name} deals 6 damage.",
                        "attack": 6
                    },
                    {
                        "say": "{name} is thinking..."
                    },
                    {
                        "say": "{name} heals 6 health.",
                        "heal": 6
                    }
                ]
            },
            {
                "name": "Gloon",
                "image": "entity1",
                "health": 21,
                "actions": [
                    {
                        "say": "{name} deals 3 damage.",
                        "attack": 3
                    },
                    {
                        "say": "{name} deals 3 damage.",
                        "attack": 3
                    },
                    {
                        "say": "{name} heals 6 health.",
                        "heal": 6
                    }
                ]
            },
            {
                "name": "Yog",
                "image": "entity2",
                "health": 15,
                "actions": [
                    {
                        "say": "{name} is thinking..."
                    },
                    {
                        "say": "{name} deals 3 damage.",
                        "attack": 3
                    },
                    {
                        "say": "{name} heals 3 health.",
                        "heal": 3
                    }
                ]
            }
        ]
    }
}
